Cooper Harley,  (0700) 474 8556
Clark Finley,  906738735
King Greg,  (05290) 622360
Ward Victoria,  12741157
Bell Ryan,  0303 948 0547
White Grant,  0882 180 8944
Marshall George,  +44(0)5646 31510
Roberts Julia,  +44(0)4324543777
Johnson Muhammad,  (0298) 4425956
Powell Dave,  +44(0)9722 614540
Khan Dan,  (0073) 393 1536
Wood Kevin,  (05113) 124438
Fox Damien,  (0770) 8817378
Edwards Alison,  04037 67574
Scott Luke,  (00865) 76061
Wilkinson Sarah,  (00605) 43202
Collins Harley, 06661 704955
Shaw Darren,  02573 98033
Davis Isabella,  906844398
Holmes Sebastian,  0328 994 1755
Taylor Ray,  (00463) 35496
Allen Lilly,  (0512) 869 7527
Morris Rowena,  (07514) 58724
Anderson Thomas,  +44(0)952679331
Phillips Kirsty,  +44(0)734649996
Wright Kevin,  +44(0)3355498390
Powell Ethan,  +44(0)995429133
Graham Isabella,  67833162
White Ruby,  885349360
Walsh Leo,  0744 560 2450
Shaw Jake,  +44(0)1928458605
Martin Ella,  (0452) 9798521
Palmer Ashley,  33897828
Harrison Pauline,  +44(0)3198 92865
Reid Beth,  0898 741 5839
Griffiths Harvey,  0707 751 7054
Reynolds Oliver,  469569988
Phillips Fred,  (0734) 5109874
Graham Andrew,  (00778) 31146
Harrison Leanne,  06086 524369
Ellis Mary,  +44(0)4567712868
Edwards Lucy,  +44(0)9699 026469
Graham Louis,  +44(0)3371 346979
Robertson Joseph,  71700289
Hunter Amelia,  (0978) 2839479
Clark Eleanor,  +44(0)0619 153647
Carter Henry,  +44(0)2033 43640
Harris Abigail,  02790 47199
John Snow, 112
